user id	username
69128478	
7713202	GOPLeader
34927577	cnsnews_com
16930489	ExJon
15350894	LJSearles
21280367	kiliffe
45648676	Rainbow892
21964694	EzKool
43977798	Liam_Fox
71941447	Dudeman1962
18464266	peterdaou
35039919	Pkatt
22643800	hipEchik
32191750	Tikkun44
22080314	bryaneder
21130327	KateRoseMe
23825051	webmiss007
25777000	kjlintner
41373006	sarahlee310
64816476	BlondeAmerican
17388022	
17971455	toddeherman
91824727	BlockTax
16887628	mattklewis
60994766	StopBlue
19326476	BrettR4763
63065243	OsborneInk
17809507	AP_Mobile
18086787	RebelCapitalist
813286	BarackObama
30313925	whitehouse
27502479	GregWHoward
16474992	winterthur
21329783	stunetii
16274815	reimagin
56167383	usvoteout
59461030	StockMarketScam
54744689	SangyeH
73699879	USLib
25941604	Contemplari
16726846	bccohan
21707592	exposeliberals
25471311	FrazzledHaloz
20732463	NaiveAbroad
87504275	rightlyaligned
45190383	newsbusters
17014037	shadowfax_rulz
14255256	KaylaAnderson
33986037	wonkroom
15711730	River_City
18172905	thenote
18095847	kyleblankenship
26623392	AAHSA
19895716	dpschealthcare
76096218	GOPMinority
21253935	MWJ1231
14416628	MooreWV
60113766	Conservativeind
15008539	ACSCAN
40553282	StewSays
15976697	michellemalkin
14344823	Senate_GOPs
27271568	ViralExistence
36229876	MSNBCWatcher
47350061	RenewingAmerica
103560785	YoungRepubMA
40692887	iDefendFreedom
18269172	geojohnson
76407277	ExNavy26
24991189	thomas2leroy
24733117	jilevin
21160888	HarryRimalower
62955348	HCASAP
55133916	OFA_LA
31176510	thebighoot
19408986	GlennBeckClips
117793813	politicsforce
18693598	Bob_Schaffer
57223664	NewsConnoisseur
6980622	MediaLizzy
46985065	tickle_b
16353245	asymmetricinfo
20869267	Chloe1732
60477859	StopTaxingUs
32646461	LadyNole7
19216998	mollyhooper
19367142	qstarweb
18925783	RightKlik
41598349	APBBlue
25882617	Architekt010
110569370	Unleashthadiva
16367505	t_spano
17388022	KMers
24431892	markos
18385910	TellTheTruth1
16305494	tlw3
106630088	GOTVote2010
24405200	Marnus3
76387233	coyotered9
19745574	TalulahStarr
23204438	davegj
22498541	Ol_Roy
17866095	ralanbarker
12591732	raywatts
49615301	HarryReid
32138043	loriguffey
15429247	JilNelson
18695206	sweetcop95
72552866	USRealityCheck
24018771	Ramotringo
18891923	GOPWhip
22873947	southerntalker
980611	Karoli
31127446	markknoller
61776145	libertybell1776
89864022	sharmil_mckee
108701537	nchealthaccess
22280445	HEALTH_NOTES
20182089	WestWingReport
18791763	KarlRove
21634627	jcohntnr
34761747	stevekimura
94143715	KateAtState
14270329	RyanNewYork
17141349	Greytdog
17088305	charyl
18223040	Alexi4Illinois
53487798	beesnguns
18461227	coutpost
98711526	GreatDebateUSA
14728168	MelissaTweets
18772533	Hargoosh
23861321	AmeriKeith
23128348	obamawire
63519521	Ireneartist
22012091	LeaderHoyer
26472440	Synders777
113708518	Regina4Congress
122314223	sheilagriffin13
21117305	TheGreyKing
84664241	TCOAmerica
80182186	Lostmybeer
18244206	GayPatriot
23951197	repaaronschock
16385139	lucyparsons4ev
26812918	afashionfan
75139010	lilleth71
16082787	slackadjuster
15986207	silvermaneman
20610385	bueti
15750214	OurFuturedotorg
54257746	bentzminger
9362512	chickgonebad
15639786	lwdgrfx
9480572	PunditMom
88740365	HealthPolicyHub
52923398	Steve_0hh
10069612	AFLCIO
26749459	NCPA
20007904	Laubach
32389958	pinnie99
21146211	latimesmuskal
30320271	efalchuk
18168799	jeffemanuel
34265518	kar1211
15220768	DavidCornDC
79884891	Sky_Max
17857740	thomrayne
16214545	adamgoldenberg
15807367	robkall
17918065	SBAList
15146870	jserb
38370559	PomPrincessMomJ
59801837	AULAction
40297420	joebellis
21406120	jillosopher
59026330	gnunews
99123713	prolifehealth
48109360	billieraven
16434558	LyndaOFA
70377438	Action_Alert
20981234	Misha44_
21779441	lynnmal
16431039	wjskin
16472571	sunshineejc
56532503	AlinskyDefeater
14370819	downwithtyranny
41831995	PoliticalBee
30858943	Nitwhit19
9376622	tkinder
15450996	CatoInstitute
16672662	IndyEnigma
18000662	PJTV
17518344	keder
71967546	Jihadihunter
84664241	
26121456	angrycalifornia
35309639	SocialistZine
27618505	genjunky
31128529	WaysMeansCmte
58415867	ConservNewMedia
38773470	wanotw
56572080	ArrghPaine
85334765	AngryLiberal
17918313	ethanmillard
69128478	Jeremycrow4life
55744676	KendalBlack
11134252	RNC
37922956	estuartj
104781592	ms_nora_charles
50325797	chucktodd
14250819	NorsU
43759973	NReeding
14730894	FreedomWorks
107778837	BrainyGurl
37071272	Wrench06
77659618	RedPlebiscite
19410233	davpow
94000180	JusticeDotOrg
55421408	SenateDoctors
23760680	0402sgrl
18058317	ccoalition
59171312	bemusedmuse
22181755	barrykw
30647780	normangoldman
48566603	Loxodonta_s
69218324	OFA_UT
78156215	AwesomeCapital
35904361	patriot101
20733757	SupermanHotMale
16854311	TannersDad
14412101	danielle_ivory
16317406	SenChrisDodd
77062281	SandiBehrns
16475573	andyjacob
17375281	7im
13493302	mmfa
84653850	BrendanNyhan
3365	KarlFrisch
8431652	Shoq
76405315	TheNewsBlotter
18003520	starfishncoffee
40938614	johnmbyers
64322428	obamascare
113450071	LibbyLefty
110185527	AlwaysEpiphany
83004973	wvmtngrl07
22066415	StCyrlyMe2
15147298	delton
19017604	SissyWillis
18978553	rorycooper
64088396	Ben_Howe
16313934	mmaction
15959560	dcagle
37666933	WeGotEd
26414690	multisportmama
14161220	jeffshaw
52473905	Mickycohen714
10085872	AntoniaZ
15154601	elissapr
16194607	MarinaGipps
15850830	fleckman
80111587	JeffreyYoung_HC
20118774	Flipbooks
17848544	PatientAction
48347748	MikeBlockCPA
21019697	healthaccess
16149614	jrovner
120146392	TownhallsToDC
113447968	KHerzberg1776
40380990	beaglescout
87376738	AtheistJohnny
14152172	BlueCollarTodd
42245932	craftyme25
62264029	Me1956
15922214	rollcall
14327577	jesseluna
68526790	TheBestChange
76659790	heirsinhope
41683723	AlwayzSusan
41729695	DadForAStrongUS
11775252	Cellenrun
111712567	keene_politics
15511055	avivao
15428227	kevinomccarthy
23696410	BrentTeichman
18276341	kdrum
32300023	dag210
122580937	TruBlueAmerican
5815592	blurb
7619982	davidbadash
14695985	SEIU
35132974	CooperRepublic
113420831	PressSec
71244775	ProgressiveChic
16248413	rpagesc
650903	hrana
97684848	FreeCapCon
58845769	pauline_ma
23208160	IKIDYOUNOT
14720411	mikepfs
14248963	tomfitzgerald
53717114	SteveCBoston
112924723	SthCtyTeaParty
20487625	LynnSebourn
21696279	brianbeutler
39308549	TheDailyCaller
43399498	lancole
21627881	OctavianD
11256622	twinelm
5144511	lhughes
78495596	OFA_WA
21965285	_jgr
10728582	disneyr
21452918	LaughingRaccoon
28448216	MicCheckRadio
15770837	ecosphericblog
63789003	LizzieWurtzel
65404941	sickjew
65498467	Tx4Obama
17004618	NickKristof
19665271	AARPCA
34318965	GrassrootTroopr
22406588	Herfarm
34973389	WorkingMotherHJ
28682751	sarabialb
645043	injuryexpert
16370091	WorkingFamilies
20489393	midwifeamy
41056036	nananb55
50427352	seanagnew
3237221	scbalazs
15182798	thejoshuablog
14437914	NewsHour
12896172	littlebytesnews
20930950	floridajewel
29136568	Hexham67
112217391	Darcy_M
4923811	mkhammer
14261642	mardod
11246242	seanhackbarth
46213956	JamilSmith
17922816	DoorbellQueen
15417679	mjs1988
25911044	Drsforamerica
22737278	drgrist
21925604	DAKGirl
10929352	Daroff
7334712	CtMan1
21541548	andilinks
23862487	consultdoc
52461517	HailGalvatron
29350302	secularstupiddd
76944720	RFNovotny
55329156	RNCResearch
21044127	BluegrassPundit
25334080	BenefitsSelling
23352319	devingriggs
15232705	Degringolade
19732044	CatholicEditor
108437634	RedDogReport
27897429	RollinsWallace
50763777	tbmedicine
57005769	PatriotAirborne
18365568	rochtrev
77562646	Fla67
64592901	jake1822
15000848	cece248
18862302	mariopiperni
42363794	sqeptiq
65785383	blackjedi47
122744919	sonny708
16500945	dmooney9
16469463	CFHeather
39169522	OldeCountry
22217443	cat_1012000
17636414	danielsaudade
15774048	RayBeckerman
87313007	DCSoljaGurl
82232226	CrankyPuebloan
23934422	o_lucky_me
65535533	carolaIk
21450142	DOMINICDADAMO
17563566	ravianandyes
23013878	Mick4Liberty
15814268	Lrhicks
83949216	TriciaNC1
18478452	FutureDocs
15359014	OKCliberal
15950463	christinakb
11252962	ashong
91279573	adamsbaldwin
21954033	SgBz
37080099	jackiesic
19430999	KING5Seattle
35773039	Atlantic_Online
16837019	moanasaves
34842246	MissAmericaPie
35690570	SalvatorePar
19500327	willmckinley
11740672	TavernWench
80415454	LtlRedX
32517594	RonSupportsYou
55018701	EvanGlassCNN
20243128	BrentBozell
18351671	KMBReferee
21274455	VOTEDEM
39660906	beththornton1
26918145	midlifechick
83088093	CarltonPurvis
23970626	Hunter7Taylor
107633302	GeeekGirl
105040178	AFPArkansas
38886935	MarcyHernick
14574380	EgbertoWillies
14173840	ursulas
10733062	RatedRepublican
29833209	taffastrophe
16781837	vadum
16077165	politicaltruths
51093789	LiliaEP
18124275	AboutInsects
7231112	jadedfox
14832751	cboyack
14389132	nansen
41622566	chuck_dizzle
15992923	trianglman
16077204	a_picazo
40338170	lovesliberty
21980224	heywho
10168082	Heritage
26714962	Reenit
22528832	CrabbyCon
30900591	Activism101
15166261	senatus
21356559	utbrp
49059418	rimshot1000
16601566	vitri
55082967	6061
14267557	tommyxtopher
98695918	ganstajo
23861487	ThomasCDec
8430702	reverendadam
63615980	1SupremeGoddess
41193257	jenniferamorris
5357812	johnboehner
61668380	PatlePresDesPP
62522718	Bill_George
9532402	benpolitico
122212010	BairProLifeNews
16861137	ceisenhood
15164565	Slate
8245262	TWAY_Kris
16118417	HI4me
13491312	timryan
18622869	ezraklein
20378448	philipaklein
28685202	PaulineRevere
94440954	NotUnderTheBus
64931862	Oculuris
54085152	SusanAnneHiller
4119741	jdickerson
18678924	jmartpolitico
694563	FullMtlPatriot
21513627	TOP_PROG
16359486	LaurainWA
16157855	edhenrycnn
45223986	Therexreport
81964784	hollybensonfl
13850422	CNNPolitics
19219570	rea_carey
4090261	mkoshark
51310793	Mona_B2010
26379293	ahuntre
17043155	Uncucumbered
113757566	SoCalUFCW
22523356	aisha1908
31179766	Pash1994
3819931	joewo
16190068	E_Joyce
17777458	BowlMeOverVa
23346166	justkarl
22250215	Wary12
18575868	dellalee
14242376	AB1972
1759131	kflanagan
22465989	RichMc461
14764240	rhrealitycheck
46719826	Someguynamedpat
20720536	Token12ga
32845990	thepeoplesview
12811282	jonathanhsinger
14226882	NCLR
70476832	USCCMiller
14563564	Ruthanng
35573790	rightwingartist
14455072	lexonex
7027412	SoloPocono
69048032	66Betty
21344248	thereisawayjose
21316936	mdrfl
18170310	OrrinHatch
42080417	KushielsMoon
115550115	kellbo0
23580800	brabakr
16002782	FastGuyTim
29442313	senatorsanders
15763141	RepDanBurton
21307076	SusanPage
45348432	rhondave
78763988	turnofffox
19658173	RepLynnJenkins
18634085	buzzflash
21879831	ZerlinaM
17489079	aliceinthewater
9677372	KQED
15749725	AmSol
15397067	MissShuganah
16092768	joanneleon
16808167	alanarusso
75305255	DropPelosi
14068794	JeffreyFeldman
21928737	StanZaske
7039122	crnc
50481490	SOSorg
19359749	erinhaust
85804144	CitizenBoquu
91055479	_Gitana
4214321	mattison
22534607	PatrickEStewart
39438261	HeidiEKMassey
79947120	Roodster1
23455653	abettel
15917488	FeelHood
19173787	allahpundit
11270992	OpenCongress
21301933	BDayspring
85635859	Newsie8200
74435851	mesamps
65146567	humanevents
98474862	DJPNEWS
22243973	TenthAmendment
23612294	FeministBreeder
13837532	DrewMcKissick
8542882	ThadMcCotter
20250020	cprights
20919626	studentactivism
14347931	rkref
15207668	gopconference
57405911	DFAaction
16664681	latimes
43042534	DoriLiz71
15650882	creepingsharia
78599720	OFA_VA
48112717	watergatesummer
122566236	wwmame
46589764	NadiaNaffe
5469742	cayankee
37049965	jeffersondewitt
48671463	Defiant530
25922006	1950Target
16256826	jodotcom
35666789	uptakemn
18319515	Lady_Liberty
46176168	MajoratWH
25848164	momsprissy
23978460	GovKaineBrow
43964874	poliquest
14529929	jaketapper
9562092	theuptake
112236842	GrsRtsAMERICAN
15664632	RobinGrantham
10237	Chuckumentary
26492823	marclanders
24712487	KagroX
50230722	briankspears
15292471	chrisgolden
29281472	wtk1
26582786	tnlawgirl
18566907	Rightone
20413959	AVerebely
31603074	SamValley
28425127	VNDNBRG
31175661	STXherry
34058536	Miamicbexaminer
20963802	palintwibe
69741769	Frdm11
19267232	Slarue
71160752	MrBlog1
114050808	LisaDCNN
16297707	jonward11
18452329	morganphilpot
17602541	bridgettwagner
122811596	StandForLiberty
28363009	lmdapper
29716801	Paceset9999
24854688	shannynmoore
14345062	postpolitics
17387589	vannschaffner
16262329	americanpapist
71172490	ConservativeBro
21829480	gregmcrc
20467163	VernBuchanan
24280515	Zoom_1
5145071	velvethammer
14849465	ymordfin
23216903	welshman007
38363816	CAOneCare
21603385	ScottOnCapeCod
15399115	matuzalem
16020483	suhrmesa
45450902	Pudingtane
37089229	Nanmac3109
14141323	chamberpost
23778902	DavidFrenchifa
15394954	boblatta
65930807	WSE123
21793751	daltonwalker
22407074	Freedomwarrior
64397500	jackwadeshow
17838040	truculent
16906137	pourmecoffee
26304690	RachieRach3
57917441	lizzwinstead
16017475	fivethirtyeight
52180914	OFA_CA
14129299	nicopitney
3497941	owillis
20284696	Imzadi44
7804342	taylormarsh
53162642	hospiceRN54
105274945	KateNix927
35931640	Politicista
11640472	anamariecox
47775464	Beaufort_TParty
40471894	DesireePaquette
53229950	FairTaxNancy
5496932	NRCC
17905825	jfkfan
65659252	jeschmitty
48734531	resistance09
115979444	DWStweets
25542877	snarkandboobs
21631487	augustine25
36547655	LostRB
15446531	mattyglesias
22509548	DarrellIssa
59839521	dancourtois
18166778	Jim_Jordan
17169823	
17118279	VodkaPundit
33267951	AlexJoensen
16109950	aurich109
61120062	TCOT_Talk
8430612	BradCrooks
16082787	
18739458	Zener39
15120887	raine1967
18108950	Leo_Pusateri
17938955	soderstrom
53578813	TxJogger12
18909534	MPOTheHill
14511951	huffingtonpost
44783853	HHSGov
74863871	adorablj
5561412	EricCantor
101854580	ObamaWatchNews
36741409	Dataaide
15734630	WiseGuyEddie
15335079	benintn
30189602	MahaRushy
40602923	slinkerwink
20077281	RobertPurser
19416225	whpresscorps
13067732	danielnewhauser
17235959	HenryJennings
19865528	AngryVoters
58022196	MrsWaterClown
14819061	rocketman528
14541184	Hoptoad4
16812342	purtheil
60771486	RaklGps
53106230	Wendypowerboatr
103316756	morning_dance
17293897	BorowitzReport
61006898	kocart
20819456	GetsGreased
18449536	FRwritings
18805666	flowerladyhere
19612749	Ed4Congress
24187243	JohnAmussen
14869994	Natalie_Page
25672636	MomaAudie
43963249	HouseDemocrats
111141045	woodhouseb
71362765	dubpool
15368940	GottaLaff
104541411	GulfCoastTider
43248814	lamblock
86112023	stevesingiser
18371238	scarlett_0hara
55380541	mrpayback
17461226	leahita
16689723	LetFreedomRing1
119784192	CapitolHillCNN
117827109	williamlangland
20421430	CoolRaven
21735063	cynthiaboaz
14377605	DemocratsDotOrg
19308529	Catballou
27618505	
18947140	Patrioticus
17154954	HITNewsTweet
35013862	LisaMaatz
53130511	StopBeck
15988031	dpleasant
40335385	rixshep
12144232	stephenkruiser
30050899	OpenSecretsDC
56879674	sumedicine
7309052	YahooNews
21873714	nursingworld
5227331	Cubachi
31057963	southsalem
68803674	SAMMIESMILES8
16245669	mikem2006
25814421	tographer
17609675	jimmiebjr
21857709	JENin140
65686302	OFA_NV
24408575	Litzz11
38177365	pheraghty
64834911	ObotNot
15725359	stardog235
18548184	novenator
44532818	PhyllisLevinson
14752085	allisonkilkenny
790344	nathancoffey
33972168	FREETeaPartyArt
18407451	BrazenlyLiberal
16175061	kpangrace
31291086	liberalchik
109912395	margaretacker
71017516	K5ALB
19926675	RepKevinBrady
32708979	OFA_Illinois
25594161	LDoren
61391072	theGOPalliance
18005085	MZHemingway
24591291	ChristieKeith
22254371	Linny_Buck
43965412	MarkHOV
14027452	hardknoxfirst
21430455	larrydhalstead
25297764	GoonrGrrl
50769180	IngrahamAngle
17838484	WhineNot
5950272	Carydc
40615400	JoeKenHa
38685681	dnoxon
91689463	ClintonTower
113795039	QueenRetweeta
27408423	KayDubzHU
17235172	MIGOP
57416809	leora1987
107191757	ucbook
18094559	jeperkin
82584820	oldhardhead
24701208	ihuntmidgets
17091600	burnman
49290054	LuckyGaucho
76109674	Brandon_Greife
21795901	DCGopGirl
104949482	theravenquoth
63489388	GuitarHero1965
40336789	FFChaplainRob
84246265	tweetmarx
40956297	rainbird352
22416413	UKnowIamRight
5986922	askmanny
116270630	gopsurfer
19927408	realpatricklang
32652500	NurseBannon
28830479	mnbodden
23477963	JWSuggs
33971124	USPassenger
40070512	_HughBris
24745957	RepHankJohnson
34976869	evanslynne
53852063	tx_tartan
26303188	Obamapocalypse
37642098	LarryGeary
15970820	virgiltexas
47451185	StarSpangledGrl
123899931	FordOConnell
15812869	oleonard
81987984	1Sheyanne
9038292	jeangfl
14243257	amyhearn
22037129	DTCahill
17903266	DavidStrom
31605590	dbass777
78411195	VisedMonk
14416124	smashedthehomie
16354078	atlas100
30229316	Bama4freedom
19727088	DrewTZ
49386346	NateSnyder
11102352	AndyWendt
21598656	JoeTheMailman
23455920	reynolds_chris
23187642	hospiceRN1
24212955	gabrielmalor
56694282	NYCprochoiceMD
7234682	QueenofSpain
26657119	MoveOn
90694084	OFA_MD
17293906	phonemanA
20097342	RepMaryFallin
7912552	conservativet_t
23271088	Joshuabradenp
16674443	HCAN
17989541	mgpogue
6750202	stix1972
124021238	TroyHickok
36837132	catsune
16447162	yeeheecom
67711100	nNomad_
117790388	beckpatriots
16147260	Sky_Bluez
11203972	jtLOL
18195853	libertydefender
16140358	SwiftRead
79576820	MrBlackTye
21268897	joshtpm
77015676	RAMansour
24773493	RepTrentFranks
22819351	MWforHR
21220931	RussertXM_NBC
104357541	Stephm717
20959509	cuademocrats
15032926	scottknaster
27741612	alecjacobs
16721461	ellencarmichael
30657398	JohnWMcCarthy
17586312	fitethegoodfite
21772024	uaem
16007460	freddoso
17900115	D_Chehab
73195502	FederalistNo2
26248258	jtbdjp
99218384	admiralsdauter
17914772	DonLLewis
14120290	ozoozol
19512725	BrwnIzOfMine
76692764	eDave733
36841912	BOILING_SKIES
17666303	_bexology
73448937	elemonader
16072058	mikememoli
17381843	gopevangelist
18089606	KurtSchlichter
14709034	CraigKocher
19556791	jaihind77
29284444	ConchoQueen
11776802	seanknoxville
20857192	bobbydacron
51616047	assholefactor
34359976	leftofaggieland
26777550	Shopfloor_NAM
46270228	cdub96
42094599	everydaywitch
7597712	PajamasMedia
20144541	imcrazyriter
67038496	snoopy4eva2
16002804	Proudlib
26287372	theRealExTex
15473574	SamSeder
22316582	harmonywu
20111100	wethepeopleusa
20144167	Joy__Hart
14049145	JNSMALL
109131242	SlickTalkBarack
50385277	SNienow
49413647	sarcasmczar
18397725	runforfun54
47675692	hare_wood
19325222	rmaynard
26287157	deteaparty
66054995	cdintennessee
16281187	marsacademy
5632722	danr
14702746	RedheadWriting
51964801	wbconservative
13524182	daveweigel
21406683	TheSmokingArgus
108619944	AARPadvocates
40954486	JimGerlach
21604766	LadyFyreAZ
35091668	SheerPolitics
114562247	roadwar91
27722951	Musiccitygal
113709950	tea_rebellion
19130861	minterda
7221182	JoAnneWestcott
40175024	pomopsyche
18136731	mitzyg
14137505	jmenzie
106338836	alicetweetz
15294551	catawu
94588764	sheltonmercer
15853490	gastropoda
55914930	1776again
1367531	foxnews
72078945	babaor
18289357	KRAVCHICK
28654635	DCPlod
30108503	iFuckChrisBrown
16378486	alivelshi
18050303	LegInsurrection
17062230	Red_Forest
69655567	CongJeffMiller
35779221	Raging_Red
46661008	Tsparks7
94913795	RhodesNews
37760670	RepPartyofTexas
15941955	RockTheVote
22375126	CMORTOLANI
12272322	PoliticsNation
16545933	CAIVN
15985455	RepMikePence
51228973	workingamerica
2467791	washingtonpost
65756256	DefendGlenn
91427559	FinancialSkinny
68570120	Merilynjune
58608436	MoveOnMovie
44155069	Will_T83
28162811	tjholthaus
37301155	JanC60
72798486	VFW_Vet
19917266	FionaVA
40443752	AriDavid2010
78569026	TheNewDeal
13694082	bitsandbytes
21980816	cody_k
20405322	Lyn_Sue
54748372	1oldcoot
26533227	johnthune
15588945	ElwoodJBlues
15732591	StrandedWind
73099646	JosephAGallant
16554103	sm1guru
69900905	activist4health
20719333	4homefind
15762819	ErickaAndersen
105326402	DanFromMo
50445353	twittian4truth
29674668	BrokePimpStyles
14885620	grittv
18244332	ahier
55049166	OFA_PA
18140016	PatriotinMA
13413	Mickeleh
88332314	AngelaRMLash
15013040	lolvincitomnia
14455321	pandagon
49835713	jimeliv
64257328	CMDeB
18411665	ntoddpax
20958510	KatyinIndy
45961751	ChimaSimone
17928925	memoriadei
28885440	Wilbs999
24795477	sunnystill
95782668	ZombiesUNC
65079515	JmsMadisonInst
77539310	tophorn
5484532	BrianFaughnan
658643	SteveStreza
96175717	OlgieWan
46746151	DrewHampshire
82689705	tnr
26430264	DailyUprising
15795580	Jake_W
56149176	derekahunter
23022687	tedcruz
108496256	MarcieDreyer
76376525	OFA_NY
78193249	brodifaabs
27759798	SamiShamieh
46041465	Kyle_Shold
17233536	ColorMeRed
18456220	wpear
38006855	gakama
23800626	petezoe
38226264	seolatta
15485532	johnhawkinsrwn
15938025	jdarlinghess
13067732	dnewhauser
92689000	DCGere
17169823	OLVictory
72351337	Natspolitics
17845639	jazgar
18736833	SharkGoddess
111332093	commonpatriot
114756202	HouseCommerce
15250425	JulesAGray
107105181	NancyDenofio
29764564	CenteredPols
88803017	gnasses
85332004	AsAMomOrg
17718887	JennyErikson
109137600	Ilario_Pantano
41634587	Reaganista
27512951	OTOOLEFAN
23712145	talesofrachel
28499938	StealThisTweet
21567649	Phillygirl1441
15116570	CongJoeWilson
98535552	OhioCon
23166416	Libby71
79258884	maharushie
20943991	dunkball
16989130	AssKickyMcHotti
16681146	Right_Examiner
32927258	LibertyPatriot
41751811	PrayerSoldier
47697376	ELB55
49569232	CasualWednesday
18204604	MLAS
17976923	cathymcmorris
19409472	cprater
21048033	Duncan4Congress
104839107	credoad
28902856	Todd_Zwillich
12707512	connect2mason
7702542	DLoesch
122393838	free33_02
97716449	ArlingtonYDs
7784732	sevenish
24332308	several_
20315237	SusieMay
36541952	PATR2012
18027211	sweattshop
54428768	SierraLima1
30979806	sexyshmel
49534328	KrzeErounee
49135957	kmita3
7359842	scotters
41204530	Sam_da_man
14940452	second_nature
15302774	davidharsanyi
69773058	stephenfhayes
19546668	rcook1
64632069	dancblackford
20713266	Freedom_Medium
116301841	CarlWaPIRG
32259203	danspowers
40116885	RichLowry
17075602	VirginiaYoung
20542808	deuce100yr
16170115	ShelbyKnox
54669212	judicialabuse
45456873	LynCKos
4107581	petersuderman
70537058	BWIUBS
27090879	JonDelano
80446498	OFA_NoVA
23673239	ConservativeGen
112216322	Shirobami
17429719	edjanemapsobama
124463159	javabeary
77005238	OFA_CT
7094792	MsNovember
15174710	MomsRising
21833603	airwlf405
46418785	wpbtonzlewis
38122727	ROCKWITHBECK
21888175	TexasRainmaker
17884446	TolbertReport
15742946	cruickshank
14352112	ericjodom
76185102	RepToddTiahrt
15675138	cspan
18176907	DanRiehl
27783848	TheFlaCracker
81719483	leftyslastcry
67501066	kazoolist
31325625	SuziLeVeaux
17832004	PhilthePill
16686075	INDIGOSKYY
20825532	jclee1230
74606653	RainyDayPatri0t
17058879	bryanmyrick
22716596	TaraRoss
43013901	caffeinehusky
34648965	ANANursingWorld
15649799	jwwatson01
19834459	BreakingTweets
21893213	lumpuckaroo
16710420	irritatedwoman
16601460	emgtay
14725237	mjkramer
20709918	sasha2000
22582603	jgaltspeaks
88246253	mfcannon
24247270	Tymlee
16425299	UTsavage
88335997	YodaBlackswamp
93287999	_JParker_
14960700	Populista
50029551	GarCasey
39319668	seculardotorg
108351678	jerilthompson
19788618	BernieKram
14792049	politicususa
15917215	dcgrrl
16504112	sav01
32497478	KLSouth
22233307	cassiesuttle
17778734	LJZumpano
49726173	JohnnyAudacity
27676828	PatrickMcHenry
63169388	louiseslaughter
38712914	RepTammyBaldwin
24002724	TonyFratto
92623297	pnut
18677260	IMAO_
15698824	ParisParamus
41634520	seanhannity
16068181	dbgrady
44902087	Sr_Lisa
27642995	IanDavidB
102211444	politicallogic
76143381	WunderingAloud
16345959	xtapol
20939349	RWBEagle
35811347	SharmanFox25
22400899	EllCeeBee
80629277	SoCalNoni
14936606	Brownsvillain
102856428	cspod
16259511	GreatHairGuy
9894502	kfred
14209673	DBUniverse
17778413	bobbi85710
25630018	ObamaResistance
44307083	jareddanielhart
17241517	argylestyle
24103365	orca5252
19311664	Confetteria
19294693	Mickle75
17408988	djsmuzz
37714344	CosmicEvolution
11008182	wyldraven
28376717	nohammernosickl
26826241	redlikecherry
18205674	pcam
50156148	conservativeact
80594436	WVaConservative
21293089	jljacobson
29120250	JoAnneMoretti
33010533	piscesmystery
41850196	KeelyinFL
63810059	annette_armbrus
117791724	activisttweets
28176898	RepDaveCamp
14165438	strongthought
23026825	TwitToNande
15302379	mzkirkpatrick
55926025	SCVTeaParty
16146117	RegularRon
15046662	BrandonKiser
57833910	gregory4unme
21486263	JigsawPress
70812966	RedDevilRio
14142956	Steve_Katz
16191083	tonysharon04
96535088	lizbuddie
33855204	Lolly_Jean
100669691	wyattrabit
36584147	rachellefriberg
40606959	katie7arnold
15675013	dankennedy_nu
820694	blogdiva
18774342	KimBrame
74014041	GaltsGirl
36654245	JackKingston
21956780	girly1121
20925854	RVnGrammy
27943436	approject
17941755	dbc1023
47235377	KareemLumumba
15454730	paustin110
21286108	rsmccain
119099353	Rawl4Senate
77481257	5280tweety
783837	howardweaver
16787084	EdMorrissey
16820073	komonewsradio
34810105	glenasbury
26670829	cdashiell
15552221	LisaDeP
16168407	pepper_10
17800397	JustPlainBill
16054602	prismsinc
96398840	Glumwheels
15356407	RobWittman
93035126	Ohio4Sarah
28676476	kendramarr
24972462	jolinastar
34050945	DenverCatholic
15612282	ladylibertas93
105261287	USAPatriot1966
18612289	lonelycon
39394674	912PPP_don
28188857	swizzlethis
27513648	nikkibama
30416757	allanacevedo
15976988	schmiss
21612122	politicojosh
24645871	kindcutesteve
65056071	CivicForumPAC
57849550	sarahbellumd
15712262	dmont
40082239	welchsoftware
18751736	myshell200
20780973	sleeman44
14735166	celticdiva
101791784	stephensheiko
20693865	tulipsinspring
19045427	caradox
106519345	LuvUSA10
26386045	JonathanLKrohn
16058545	RickMoore
24685791	ignatzz
25709609	tomkeene_
21417832	standinthegap
72357108	sonsofjohnburns
107791923	ksetzekorn
25896141	HeyIrish
18655567	stevesilberman
39170244	HewittNews
17807633	DannyWilsher
20883852	Dasani_01
18537898	Mark_Coughlan
24592453	buelldawg
20245031	kathrynlopez
15458694	HuffPolitics
21059384	rogerlsimon
15919864	melodymuses
7807292	sallyjos
14144520	BobBrigham
16503569	rebeccay
104576988	brostrophedon
12788332	WMRepublicans
17661006	mehallo
76043920	RepJohnShadegg
14373036	sachinag
15439275	RGeorgeDunn
18737621	patticar
28263009	EJM421
16492765	cgpb
18664838	mparent77772
50349525	SamAdamsTPP
55619001	donnakay2010
15361224	bradleybowen
17890291	NYKensington
22397604	dh1976
17833400	renagades
15012486	CBSNews
22503224	capitolkiesel
124014280	HerschelSquirts
7496742	edgery
62889614	almostdorothy
52164826	room_319
124568099	SeanHannityUSA
6964952	stephencon
18999855	lettergirl
65517621	smitty_one_each
90762674	WeThePeople1st
23753100	LakeGOP
14276679	McKelvie
21963813	lgailey
17889192	asanderson
22067529	charris0n
29090846	DrewMTips
18206798	Journalismo
61618770	MattDurrantx
19876849	demosthenes29
84162848	imranski
19598319	triordan
16568983	delfry
14452370	turtletrackz
117777832	RepTimMurphy
68309209	PowhatanTribe
18333082	unsystematic
15693660	trailortrash
43624027	Disturbed_Rick
24735461	PeteSessions
41186732	rubberstamprosk
19238116	jmac82
7712832	janamurray
25609632	JudyDarnell
37332800	johnzorabedian
37248934	anthropocon
10376152	kryanjames
18738967	leastlikely
56384948	policypeyton
23780154	NakedAxiom
807095	nytimes
78863334	Lyle91
55931763	roosterpisces
5299452	JanSKay
19058681	aplusk
68767919	BleuZ00m
66834166	DevildogCPL
21755551	kattebel
19563355	NumbersUSA
23678096	Gunservatively
18804231	punditreview
23838625	organicdemocrat
15964729	tllanes
43563690	Randletr
109854452	ohiomail
19143036	MAKMinnesota
44986051	TCJayneFrank
14412533	TheFix
17175083	iamkrissy
20825926	beatboxbadhabit
36618857	escubarm
6021962	tummler10
16156419	victoria_29
26212597	NYerNina
15280197	locuta
19473742	ACPundit
37074836	LesPhillip
71294756	wolfblitzercnn
17120599	savetheusa
17416221	Montaignejns
15410898	kklausser
14790578	PetCobra
25484499	katiegriffin818
14915146	RoSiTa08
21308157	NatUrbanLeague
78424170	hippieprof
22303656	sarahjoyhays
10791692	xavierla
17611447	pinkelephantpun
16480425	Kudzu35
17975700	JustinZollars
25955183	MoLovesOc
15097698	mariestroughter
25093414	TexasPatriot777
16875531	longhawl
91340426	ME_Leclerc1776
22738950	jodywatley
110454874	jessicatiahrt
6559462	thebrowncoat
36515018	ang76h
7665662	BRISKUSMC
34537273	KamaainaInOC
21305965	MellieZa
18313141	Paul_Franklin
775142	ggreeneva
16036291	mbucherl
1015991	marlaerwin
18767699	CBSNewsHotSheet
756018	jdcoffman
24608909	Lizzs_Lockeroom
20592516	Azbats
16921339	cchangrl
29834225	DanxMcGowan
14483334	blakerutherford
16289988	MississippiMama
22393263	indjunjoe
26459660	RTHTGakaRoland
1146211	ianblue
16563576	PilarMarrero
26373615	aka_sana
18364499	rtstrategy
23831682	ReaganGomez
37063147	tdpwells
40959209	tonygk
106226879	Christsinternet
28407251	katyabram
15380559	bluffcityjk
68543202	jane747
25504953	D_R_Berry
14465607	latimestot
23319537	ucpleasure
47762195	QueerjohnPA
17934084	ConservativeLA
16840724	kokomoko
84724690	knowandlove
19014959	GenRachel
42126668	peytonjames
27413440	fuzislippers
94653136	TAPerkLaw
30040009	mrsazrepublican
17748830	fenster303
22184830	robdiwa
15119140	maureenjohnson
14373055	kevinpadams
39997457	Darth_Velocity
39375286	BPD707
63991125	Lady_Patriot
48109396	JackieSeal
34698840	AmericanInkling
25891954	DiggsWayne
15968882	cassyfiano
43035186	Sannri
26010462	KarenWhitworth
94468222	pamsez
102872327	YankAirPirate
17693487	kelsie1983
96631550	theantimarxist
16081831	meredithshiner
60680268	JedediahBila
122980680	Viking_Jim
18055110	businesssocks
16226652	Citizen1452
18964129	purist1
18286677	skigarmisch
14554800	fatherz
103594788	KeninEastman
39313085	JoanOfSnark
118483149	iluvscoops
47142049	ThankGod4Karma
36695729	PatrickinOH
14272120	Adriennevh
23028892	wingnut71
17936337	shoupgroup
20989764	BLeeDrake
84615425	knifework
7387552	iSebastian_23
16037181	BunnyRamey
35418669	Hobermikersmith
124875109	ObamaWorlds
24771318	ThePhoenixSun
16545692	lucasoconnor
30521028	PopulrDiscourse
14262217	stales
15451696	BradleySRees
8633	rprather
1653161	MarkUrbin
5956042	Izzy_O
29033216	SKYYRattler
31449275	jelunde
31033636	someGit
2049811	jszmajda
34871734	andekelley
19784501	slicksean
30330165	Jumex
29599309	H20Lilly
20351289	thehighsign
19739126	ChiefDeputyWhip
15356145	NewsTrust
17251395	vdaze
20004153	newriverone
21026582	jgarcia62
47839770	Hololio2
14370357	dbrauer
124534906	TPartyLagniappe
63013144	srjones66
33715192	healthpolicygrp
49114922	angelpod
121854886	TheRealMike76
16984304	mikewaters
22069212	Laura__Martin
52629202	suziplasse
66324482	RubySlipperblog
15680092	moody609
16597750	ashmanini
101896529	huffpostcollege
17772281	thejohnblog
91414089	petersmulowitz
24769507	joanmccarter
18717803	SpectatorDad
19975667	LesliPhelps
63139415	TheCalif4nian
33276380	RebelRx06
112255972	SarahPalinsHand
30693810	Peta_de_Aztlan
24951142	NiallStanage
8035452	CocoMault
88597989	libertyfirstpac
120327191	burntpowder
18713667	drhomestead
29738565	twiggyoh
22179069	MichaelinMI
33655490	electdennisross
14277131	Spubba
48074225	SerenSnow
18012982	andreaplunkett
7074742	PeterKinder
6685382	Thatcher
15816595	radleybalko
17480967	timradioboy
56864092	RepMikeQuigley
21945413	fidris
16209123	MariaNYC
22153494	anthony954
15492983	KimMoldofsky
108369796	tnajournal
41918833	TheKarmaLounge
16017195	jodmentum
99589232	JohnThune2012
58247611	DyingSpirit
24889586	AnandWrites
10776522	thebestsophist
15871711	elisabet85
15278270	rayhart
37759047	NYT_JenPreston
101304929	ollieblog
21965752	amyspaulding
18403114	DavidsonGirl
59265155	sundriedhippy
65992273	mcwbr
17541488	ineberated
13358682	sowers
16847994	orangecountygal
17412394	TheMoveRight
16491845	yidwithlid
16348437	BuckMcKeon
21352313	yagbebi
19496008	DavySunshine
765210	chrismurvine
79220699	Momeswrath
20252085	mrdaveyd
15729622	HowDoYouKnow
34776514	TripppleR
14737299	fekauffman
51294103	dabzs
17383566	calliopeconsult
15009171	msbellows
14436141	apolkey
17502790	elprofe316
58708159	ResistTyranny
68626230	loftinjj
20016443	ChiNewsBench
29429945	emoryshatzer
58521148	almostjewish
17223014	VeronicaDLCruz
99710808	kanjo4congress
29452206	bwdoherty
31271968	Justsnapd8
26051676	RepGusBilirakis
3141991	jcbeam
15756944	GhostRanger
65529432	englerrefugee
19148913	mpthomas1
17232340	JimnNoke
36539277	CeceSurfCityUsa
14106207	EveSimon
33750798	ScottKWalker
19152977	faraichideya
29087577	jcpollock
20459426	HawkieFriend
7730052	shanevanderhart
47632905	Jordanfabian
17814354	jaysimpson
59900755	ColleenKasp
49026824	LizBlaine
22833978	stlactivisthub
17992979	CasandraCenteno
121812028	Pontifico1
15292813	TeresaKopec
124309322	old_aldy1
16890518	ConnieHair
16198434	asatter
20110855	alex_ruiz
16572534	marvmiller
23131123	julied200
19970336	adamleben
87035829	Beckbasher
19753693	genvessel
64215753	Audna
17924677	gatewaypatriot
22556236	lovejonz618
87730555	ConservTXDiva
23966894	HappyFeminist
16348134	EarBucket
38237450	Harmer4Congress
14274132	JPBarlow
12414952	RandyHaddock
7841652	andylevy
18104918	Chillyourbeans
15635227	donaldtaylorii
25767757	bashir_o
16441196	CrimsonMama
43708436	JlManley
7004382	edlabordems
56801235	bazmaniandevil
68956490	RedScareBot
15616667	MyPetGloat
100920952	FreakOutNation
18037344	BlackMagic63
20655306	debbieduncan
14873618	DavidOAtkins
14346779	Wise_Diva
99713156	niknoks1980
19398122	RhettFast
19296440	ProudoftheUSA
14289923	jaelithe
103675142	TeaPartyNJ
24101774	SethP23
38021361	baseballcrank
16733030	MeredithGould
17903209	SusanHW
66750855	Eric_Haywood
8512722	CharlieSmith
65360070	ovidein2010
15413409	theonetruebix
14227783	jasonbock
23789163	WVTaxTeaParty
16122121	Noetical
21486588	tanyabachand
27049076	ppnne
18055737	realjohngreen
98646282	WAWilsonIV
27928942	Kasons4
23994835	KGPrice775
15954997	repblumenauer
2426	Mike_FTW
78158765	marcantonio74
38734989	claycopolitics
74515918	OhioYRs
18038964	LibertysKeeper
16178588	Kirsten21
44202805	OneGoodDan
17076362	Joe_Librarian
62937003	DaffyPA
16413098	Hari_Raja
19128897	HopeChat
15667313	sklopfer
18030431	JudgeCarter
17495348	mikefacey
53788795	SLIDETVNEWS
35761278	despinakarras
21283587	DavidBugnon
18401107	srudat
97273575	Clarknt67
33977070	RepMikeRogersAL
18916061	EricBauman
20577356	bookofsand
23408459	djwilson5
15816582	iDharma
14337970	karvetski
17119759	CommunitySyndic
18190552	dyricci
17566505	GarrettQuinn
53819217	diabhalta
9132762	alancordle
102749771	itwaschris
18948075	MattGu3
37501173	OneLuv918
16179517	tressam2
60180942	JennLRyan
16170966	barbwire55
38426752	JacksonForIndy
78082975	DivasMPH
19572860	OregonYankee
20852423	JillStanek
16502238	TheRiverWanders
20269254	Hegemommy
7036002	ericgrant
24881876	gallate
45275237	BooMan23
48809111	adamputnam
18740582	chrislee_ny26
16335288	henrymcmaster
15992051	mtbnski
18808586	OwenBrennan
24369882	GOPROUD
12420262	elizabethdehoff
23188316	GuerrillaGsOT
16169762	agchick
20286254	HollandAC
14983059	BackpackingDad
17285084	Buffy2q
19084896	TheRickWilson
5506992	cashel
9098632	jesserker
71969051	HealHealthcare
1284861	gothamnurse
72580029	rightinillinois
14098607	jkfecke
14805088	MirelaMonte
58259777	yywhy
51669893	Mrr56
10820222	rk_p
34993057	JustMePammy
20818214	LawrenceMills
18302004	jgray515
16506186	sscoop4
88007912	CQHealthTweet
16116288	rolandsmartin
50729420	gwbertsch
759251	CNN
12384312	dan_munz
33734271	studentbuddha
14706239	Black_Dove
96616508	badfeminist
20113397	MsVFAB
23310948	glowmoment
14405285	RevoltRealWomen
17980643	arensb
820585	baratunde
12876992	dtatusko
15382980	gregorian
24886943	NAC0826
86141342	ABCWorldNews
7231502	bigjohns
14927129	faboomama
18618881	montuckyliberal
5442642	coreydu
17260365	chilibeanie
56427368	AatRB
33334770	danielvgarner
43155647	FatChickinLA
121534796	TeamReichert
40705626	teenagesleuth
20685759	keeltyc
23255247	P0TUS
9697962	hbeeinc
19468168	drgoddess
17079583	aspen7698
5990782	youngdems
25593764	ElizabethKH
1716581	elonjames
12081832	Meryl333
23480093	poniewozik
17833574	HalSparks
55018972	mikesitkowski
14247122	billbarol
21017269	venice4change
5757222	mstearne
17629004	Chromedaffodils
26091643	meghangaffney
17452154	daveanthony
70475179	keepthemhonest
49778220	Miagogo
23949317	john_mcguirk
19613942	vanessatx
100849636	LAmaleCA
678033	heathr
34022477	UncJonny
15772931	cwardell
18057820	mgallops
25086658	congbillposey
19253863	Vyan1
28230825	RNAdvocate
16518325	_Kaitie_
40891843	sarahk47
79765413	LawrieMK
21578875	shackapopolus
20686232	JordanSekulow
24303	giovanni
13590162	The_Gambit
14924233	AlanColmes
7728502	sillygoat76
19679854	msbs05
22029138	baxterblogs
17791736	TerenceSmelser
15770843	Dangerangel
36838487	RaineyReitman
29558719	conservreport
19208942	TPridemore
18207609	a_okafor007
8234132	RottDawg
18379407	saeverley
15338284	wendi_c_thomas
14266637	DCdebbie
17567533	BoraZ
39754743	LeilariTirado
13367172	shani_o
17957392	EliteTravelGal
95234049	Chainificent
16809012	zpg410
21859823	fenwaysteve
20473382	sonofslaves
15648418	christytj
19197093	Mommentator
28212516	joelkight
17948369	dannybauder
15350091	Digeratii
15707714	ianessling
6113642	zevmo
3125721	Katrinskaya
55428254	FunnyFeminist
16349648	MikeBates
40566291	spiderplant88
38003	gedeon
57478279	itsbena
21717987	geoff9cow
17898631	AndyIronman
20859704	savethiscountry
17481984	HollyOrd
14921945	NickColeman
89054117	selfdeprecate
10720622	plunderbund
22883726	patkiernan
18322409	sean_dixon
24663013	HKoren
10220892	missashe
17784174	PatMaloney
30029087	obamasthoughts
25221139	WarriorBanker
59868822	riley1999
15743485	ravenb
15175095	marklisanti
39241726	ERBks
13545042	ericshuff
95827560	AshleyMTowner
46153959	jmjerlecki
28536135	valuemom
28486228	hughashton
10086112	verycarla
11849832	ageofbrillig
16671841	Paritrooper
16582102	lensmith22
16144167	angiekwebb
14194973	robertharding
14863800	m1keh0gan
19437458	stennieville
7059772	graubart
44280228	SouthernShift
14909968	DanielleCNN
2884771	Newsweek
20491285	runmgd
18057537	ObamaFoodorama
21165440	JasonLevin
22572822	realjdwoodward
16793274	AlyMae
22010026	GoldyMos
43833171	RJinSoCal
21697217	AndeeD
74798812	ProChoiceGal
16021608	floridagirlindc
12372812	akmcquade
16639736	tndotcom
22775433	hureaction
12705772	universalhub
14901243	kddrew
21665234	uranowski
20113618	mstinalee
119609701	BronXoo
2384071	timoreilly
14787584	ChelsTalksSmack
102388948	SynthBio
14222589	samuelisaac
20371105	ClaystationX
18026590	scottwisconsin
116541945	WashUnplugged
16468763	MomMaven
10450	Zadi
15275677	seasonothebitch
8406952	ellmcgirt
14804230	slutwhoreputa
1965681	patrix
17789578	NationalNOW
8658822	stevenisFADING
19833417	jetts424
5078241	MarrvelousM
9295212	JimMacMillan
17982990	apfEID
25781011	princesssusieq
114060538	LiberalHitGirl
25744313	Fanny57
6003302	rcapote
18689201	not_tonight00
25857217	amy_vrwc
88271112	svrwxdude
17462384	Mark1977
18495616	sforsyth01
51151270	OneChele
14602259	BostonUpdate
18507316	freedomsfriend
18052599	YesBiscuit
798122	DivahGeek
12615912	JenNedeau
13280692	ShannonRenee
21942617	Nankani
15921945	btannebaum
16581824	RodDMartin
23882350	chrisbordeaux
35097912	RaisingBoychick
26642006	Alyssa_Milano
15023866	freerobby
32756282	MonicaBielanko
22802466	jennburgess95
15377249	SdGeek
15374640	cinatyte
22729148	suspencea
3252	odannyboy
43632419	TheNoblePatriot
26298125	scubdog
59638919	WalterViceChair
16482656	TheUndomestic
13593692	HeySuburban
12451342	Dr0id
18396070	levarburton
33938122	justineabigail
16366143	hubbit
28564127	allthingsfadra
2493291	billwolff
15978350	VillarrealS
20345174	annettemargaret
23795692	mngop
14648152	pablofny
6531772	menichols
14648201	HegedusEricC
23192594	crushtor
10940622	jgresch
14355388	grantruby
15633766	dumilewis
23964682	commonwealthfnd
15378805	JustinHerman
22032397	KentKSmith
17094311	JasonLeopold
17133044	Pepperfire
14454892	CynthiaHellen
15936364	lisa_dawson
16698217	BMissy
11319282	awakebyjava
12349942	cophotog
2569261	skydiver
21939771	crystalhwll
17092444	MilesGrant
31341868	IfollowFreeze
14075156	bethanyg
53210156	ProudLeftist
23999515	KHNews
14092729	annemai
21945562	MsShari7
17997235	mayog
21635070	blondegator
124002501	DescendOLiberty
31535691	wearswithheels
15911087	JodySays
32668095	teeco71
18100454	Elehd
48047188	slingbrush
15493908	josh_hofer
11604292	DruidSmith
14948202	daniellericks
15784302	jonhutson
2065521	GreeterDan
14383423	rmichaelthomas
70250307	blacknerdgirl
16896485	IncMagazine
890101	mediajunkie
103922067	IkeSkelton
39187465	OFA_MA
15681902	louismaistros
18953498	EugeneAustin
7488952	ayse
16808338	mjdizenzo
14703036	Adam_Jacobi
5781742	Cmaaarrr
1192	missrogue
14377872	BenGoodman
16169145	LiterallyHitler
13655472	superhappy
68235734	wickedscarlett
119292672	Mariah_Bey_Gaga
798945	ericmortensen
19202541	kzelnio
21362105	theteganandsara
25036511	latikambourke
787595	Croaky
76723247	OFA_NE
768632	ceonyc
14063540	AroundHarlem
24196684	ArthurDelaneyHP
14740408	HeyJude408
64299157	Nae2690
14209618	fahleson
111159289	APShaya
8024052	JimmyMidyette
7099112	lruettimann
43849404	evie
35607822	spiritualnubian
18793546	JTTallman
16935023	kpoedtke
11072852	indik
91740512	RichAshooh
84173481	GOPBoehner
40811615	taylorcockrell
16124192	joenobody
13919072	robinsloan
20519933	ARTCRANK
2608911	ScottWilliams
14079862	dave_clark
17787079	ThePoliticus
68712136	sirstefan
41017380	AlanGrayson
18317227	hexmurda
41402184	Mohner5
14252963	mdbarber
14759966	ninanyc
65898327	AndiWhiteberry
22222325	AndyCobb
35390301	HoopsU
16839629	rrchapman
3278961	ChiliMac
18220818	SleepoverRover
46029491	gregderieg
22324974	shayneadamski
5556352	Sharoney
15201891	capecodgurl
30311115	NolaTalk
21166240	Jason_McIntyre
14239976	michaelkwan
16402951	danielschwartz
14328397	jefframone
15488949	Sinfonian
17242962	Zap2ItLost
15120464	BillCorbett
41010575	Ms_Lipps
21664279	VetsOnTheWatch
7376382	Agent_M
14479687	LOTNorm
108375102	TheUngayGuy
25910039	C0MM1TT3D
28931687	DouglasCP
21046753	conservagirl
15859912	kthalps
14554889	livingsanctuary
22900797	Morgon
17664330	HeidiSocial
21917063	cbn2
16583468	RepMikeHonda
17006036	NARAL
24853415	TrevorNcube
16051263	Sharon59
12080132	undomesticdiva
17376439	mnrmg
47042274	ThatBootlegGuy
50104232	Uli_Kennedy
14710885	thekernel
4264291	timcorrimal
41262945	MxHamx
19081153	amednews
15981158	bitchphd
96597680	DrDopeBoyWES
55141649	timothymkaiser
118013	jbrotherlove
17004629	johnvmoore
63164871	KingsMyHeart
18318053	riverlaker
61567598	tehranweekly
22640123	marciebarnes
42647936	ConservaDigg
15146558	keithlaw
35646496	fredleezybaby
31283198	_Briyonce
45299024	eyemmairepat
23028987	danRivoli
15478685	dawnteo
53789862	MaxBlumenthal
3075021	holborne
22113107	TheRealChadHall
16855894	sswalker
17546960	Twittelstaedt
16514451	Artie_B
17627001	roaring_repub
13035282	jawbonin
16684054	Gman2012
1106501	joanwalsh
16441325	democrat2theend
18745020	dorothysnarker
12913972	RVAfashionista
21836510	unittzoo
19059552	ev1lchris
20751477	melissaeweiss
22791554	retroredux1
20608711	markmorford
7827602	MattGlazer
43924561	nomorechange
16831827	emokidsloveme
20781437	BryanAGarcia
42037179	GenesisMeranda
30747274	harlanzhill
5923062	jstrevino
38178491	valeriehash
15687147	wetfdstamp
25661883	itsBarberelli
17999392	DonaldFoorUSA
17150022	kbeninato
50593258	tonitagliarino
16233111	adrigonzo
17151093	ReThinkReviews
18583055	Boomerjeff
19265471	laPatience
18297767	Jamestown502
5709522	mranti
46705928	FAMDOC7
5971382	sweetney
16120295	janica
17877229	EmergentCare
63470499	OutragedPeople
15363671	htpotter
36563018	whit_pip
23203636	elocio
38762634	M_GW
761975	mathowie
16190045	mommadona
16325035	anitaconchita
80886337	somadogs
18065383	TeemaZeeKay
37137019	javelinabomb
7825642	kathyf
84629768	fortunafaveat
15862842	M_Mangan
12172042	bwall05
16625266	alvinsingh
55009880	CanoeNouvelles
23263594	bob_ulrich
39572923	thefishter
89297892	Stage_Right
12883652	sampsa
17920055	HWDRepublican
17977507	WesleyIII
22831555	sdpdx
17692292	burntbroccoli
14998257	against_obama
81482674	ditzkoff
15311571	cidergirli
5916862	atul666
63193629	uruknet
34755741	htownboy_25
26995422	RafkeS
27156793	Tosfm
15330650	aliteralgirl
19441940	YukariWatanabe
5470012	Pontchartrain
24634910	ObamaDeception
38496418	lukekeith
21172976	anniebaxendale
17397880	seankent
46792133	richlombino
22889841	seanjhross
15967389	jrhermeneut
112313034	ClassySassy_P
72198806	SenGillibrand
65897497	MCFLR
17858039	mridenhour
14132503	DonIrvine
15782072	Nora_Murphy
52090486	TheLadyLunches
23794763	AmDiabetesAssn
18019121	Palinspired
20455625	Esquiremag
40656625	Wildflower222
15179645	juniperus
15335534	jimgeraghty
20265794	IrisSomberg
15146463	postpartumprogr
14070772	BenLaMothe
67501566	AmherstGOP
21136403	projectvirginia
28917497	melissabaluka
18299707	curiouswork
34123611	lousycanuck
14053295	katieschwartz
17933475	justinbangs
41426172	SRPalmeri
15281601	FerrisOnline
14570002	hoopycat
10187072	mfeldstein67
25222162	Glennpedia
24448550	StatikBanks
16279527	afrobella
24443284	briansull
17965110	nathanielward
12960732	momoetomo
25337963	stephiscrazy
16048580	Achronos
38104446	JamesFVegas
12324252	ashwinram
21533462	GreeGreece
17907270	gmkatopodis
54060612	ConsRepublicans
